cat_no,date,designation,name
58461,12/3/23,2023-184B,SL-4 R/B
42015,12/1/23,2017-008BV,PEASSS
57317,12/1/23,1998-067VV,OBJECT F
20609,11/29/23,1990-043C,SCOUT G-1 R/B
41995,11/29/23,2017-008AZ,LEMUR 2 RDEATON
44105,11/29/23,2019-018AD,BLUEWALKER 1
44704,11/29/23,2019-072B,SSES-1
46065,11/29/23,2020-055AQ,STARLINK-1515
46134,11/29/23,2020-057T,STARLINK-1638
48255,11/29/23,2021-033H,OBJECT H
56315,11/29/23,1998-067VG,NEUDOSE
56740,11/29/23,2023-071A,PROGRESS MS-23
32290,11/27/23,2007-055B,CZ-4C R/B
39463,11/27/23,2013-072B,FIREBIRD A
48845,11/27/23,2021-051B,PEGASUS R/B
43134,11/25/23,2018-004Z,OBJECT Z
46317,11/25/23,2020-061AX,LEMUR 2 SQUAREJAWS
46821,11/25/23,2020-077J,FLOCK 4EP 4
47701,11/25/23,2021-015C,NANOCONNECT-2/SAI-1
48877,11/25/23,2021-058G,HALO-NET FF
55979,11/22/23,2023-040B,SL-4 R/B
45577,11/21/23,2020-025AY,STARLINK-1330
52018,11/21/23,2022-026L,SPACEBEENZ-14
58350,11/21/23,2023-176B,YZ-1S R/B
42765,11/19/23,2017-036A,UCLSAT
44083,11/19/23,2019-018F,ASTROCAST-02
44877,11/19/23,2019-092E,EYESAT-NANO
46710,11/18/23,2020-073AS,STARLINK-1811
52026,11/16/23,2022-026U,SPACEBEENZ-13
41998,11/15/23,2017-008BC,LEMUR 2 MIA-GRACE
51033,11/15/23,2022-002BB,OBJECT BB
57321,11/15/23,2023-098B,GSLV R/B
42789,11/14/23,2017-036AA,SKCUBE
43116,11/14/23,2018-004F,OBJECT F
43143,11/14/23,2018-004AJ,CICERO 7
45365,11/14/23,2020-019F,STARLINK-1317
46056,11/14/23,2020-055AF,STARLINK-1561
52427,11/14/23,2022-047AK,OBJECT AK
32789,11/13/23,2008-021G,DELFI C3
45584,11/12/23,2020-025BF,STARLINK-1343
58173,11/12/23,1998-067VZ,PARUS
43025,11/11/23,2017-074D,CZ-6 R/B
48921,11/11/23,2021-059AU,NUSAT-20 (GRACE)
56316,11/11/23,1998-067VH,YUKONSAT
41844,11/10/23,2016-066D,PINA 2B
43692,11/10/23,2018-088C,NABEO/ELECTRON
43167,11/9/23,2018-010E,LEMUR 2 TALLHAMN-ATC
43937,11/9/23,2019-003F,NEXUS
44705,11/9/23,2019-072C,HUANGPU-1
46737,11/9/23,2020-061BM,FLOCK 4V 23
30775,11/8/23,2007-006D,STPSAT 1
52019,11/8/23,2022-026M,SPACEBEENZ-11
54110,11/8/23,2022-137B,COSMOS 2562
57314,11/7/23,1998-067VS,OBJECT C
47498,11/6/23,2021-006CP,FLOCK 4S 2
53942,11/6/23,2022-118C,KZ-1A R/B
54747,11/6/23,2022-171B,CZ-2D R/B
45253,11/5/23,2020-014E,XJS F
46735,11/5/23,2020-061BL,FLOCK 4V 22
46904,11/5/23,2020-080A,TIANQI-11
